<?xml version="1.0" encoding="UTF-8"?><ImplementationGuide xmlns="http://hl7.org/fhir"><id value="kindlab.fhir.vbai"/><text><status value="extensions"/><div xmlns="http://www.w3.org/1999/xhtml"><h2>VoiceaBiomarkerforAI</h2><p>The official URL for this implementation guide is: </p><pre>https://voicecollab.ai/fhir/ImplementationGuide/kindlab.fhir.vbai</pre><div><p>Implementation Guide for Voice Biomarker for AI FHIR Profiles</p>
</div></div></text><url value="https://voicecollab.ai/fhir/ImplementationGuide/kindlab.fhir.vbai"/><version value="1.5.1"/><name value="VoiceaBiomarkerforAI"/><status value="draft"/><date value="2024-02-16T18:43:59+00:00"/><publisher value="KinD Lab"/><contact><name value="KinD Lab"/><telecom><system value="url"/><value value="http://fhir.kindlab.sickkids.ca"/></telecom></contact><description value="Implementation Guide for Voice Biomarker for AI FHIR Profiles"/><packageId value="kindlab.fhir.vbai"/><license value="CC0-1.0"/><fhirVersion value="4.0.1"/><dependsOn id="hl7_fhir_us_core"><uri value="http://hl7.org/fhir/us/core/ImplementationGuide/hl7.fhir.us.core"/><packageId value="hl7.fhir.us.core"/><version value="5.0.1"/></dependsOn><dependsOn id="hl7_fhir_uv_extensions"><uri value="http://hl7.org/fhir/extensions/ImplementationGuide/hl7.fhir.uv.extensions"/><packageId value="hl7.fhir.uv.extensions"/><version value="1.0.0"/></dependsOn><dependsOn id="hl7_terminology"><uri value="http://terminology.hl7.org/ImplementationGuide/hl7.terminology"/><packageId value="hl7.terminology"/><version value="5.2.0"/></dependsOn><definition><extension url="http://hl7.org/fhir/tools/StructureDefinition/ig-parameter"><extension url="code"><valueString value="copyrightyear"/></extension><extension url="value"><valueString value="2022+"/></extension></extension><extension url="http://hl7.org/fhir/tools/StructureDefinition/ig-parameter"><extension url="code"><valueString value="releaselabel"/></extension><extension url="value"><valueString value="ci-build"/></extension></extension><extension url="http://hl7.org/fhir/tools/StructureDefinition/ig-parameter"><extension url="code"><valueString value="autoload-resources"/></extension><extension url="value"><valueString value="true"/></extension></extension><extension url="http://hl7.org/fhir/tools/StructureDefinition/ig-parameter"><extension url="code"><valueString value="path-liquid"/></extension><extension url="value"><valueString value="template/liquid"/></extension></extension><extension url="http://hl7.org/fhir/tools/StructureDefinition/ig-parameter"><extension url="code"><valueString value="path-liquid"/></extension><extension url="value"><valueString value="input/liquid"/></extension></extension><extension url="http://hl7.org/fhir/tools/StructureDefinition/ig-parameter"><extension url="code"><valueString value="path-qa"/></extension><extension url="value"><valueString value="temp/qa"/></extension></extension><extension url="http://hl7.org/fhir/tools/StructureDefinition/ig-parameter"><extension url="code"><valueString value="path-temp"/></extension><extension url="value"><valueString value="temp/pages"/></extension></extension><extension url="http://hl7.org/fhir/tools/StructureDefinition/ig-parameter"><extension url="code"><valueString value="path-output"/></extension><extension url="value"><valueString value="output"/></extension></extension><extension url="http://hl7.org/fhir/tools/StructureDefinition/ig-parameter"><extension url="code"><valueString value="path-suppressed-warnings"/></extension><extension url="value"><valueString value="input/ignoreWarnings.txt"/></extension></extension><extension url="http://hl7.org/fhir/tools/StructureDefinition/ig-parameter"><extension url="code"><valueString value="path-history"/></extension><extension url="value"><valueString value="https://voicecollab.ai/fhir/history.html"/></extension></extension><extension url="http://hl7.org/fhir/tools/StructureDefinition/ig-parameter"><extension url="code"><valueString value="template-html"/></extension><extension url="value"><valueString value="template-page.html"/></extension></extension><extension url="http://hl7.org/fhir/tools/StructureDefinition/ig-parameter"><extension url="code"><valueString value="template-md"/></extension><extension url="value"><valueString value="template-page-md.html"/></extension></extension><extension url="http://hl7.org/fhir/tools/StructureDefinition/ig-parameter"><extension url="code"><valueString value="apply-contact"/></extension><extension url="value"><valueString value="true"/></extension></extension><extension url="http://hl7.org/fhir/tools/StructureDefinition/ig-parameter"><extension url="code"><valueString value="apply-context"/></extension><extension url="value"><valueString value="true"/></extension></extension><extension url="http://hl7.org/fhir/tools/StructureDefinition/ig-parameter"><extension url="code"><valueString value="apply-copyright"/></extension><extension url="value"><valueString value="true"/></extension></extension><extension url="http://hl7.org/fhir/tools/StructureDefinition/ig-parameter"><extension url="code"><valueString value="apply-jurisdiction"/></extension><extension url="value"><valueString value="true"/></extension></extension><extension url="http://hl7.org/fhir/tools/StructureDefinition/ig-parameter"><extension url="code"><valueString value="apply-license"/></extension><extension url="value"><valueString value="true"/></extension></extension><extension url="http://hl7.org/fhir/tools/StructureDefinition/ig-parameter"><extension url="code"><valueString value="apply-publisher"/></extension><extension url="value"><valueString value="true"/></extension></extension><extension url="http://hl7.org/fhir/tools/StructureDefinition/ig-parameter"><extension url="code"><valueString value="apply-version"/></extension><extension url="value"><valueString value="true"/></extension></extension><extension url="http://hl7.org/fhir/tools/StructureDefinition/ig-parameter"><extension url="code"><valueString value="apply-wg"/></extension><extension url="value"><valueString value="true"/></extension></extension><extension url="http://hl7.org/fhir/tools/StructureDefinition/ig-parameter"><extension url="code"><valueString value="active-tables"/></extension><extension url="value"><valueString value="true"/></extension></extension><extension url="http://hl7.org/fhir/tools/StructureDefinition/ig-parameter"><extension url="code"><valueString value="fmm-definition"/></extension><extension url="value"><valueString value="http://hl7.org/fhir/versions.html#maturity"/></extension></extension><extension url="http://hl7.org/fhir/tools/StructureDefinition/ig-parameter"><extension url="code"><valueString value="propagate-status"/></extension><extension url="value"><valueString value="true"/></extension></extension><extension url="http://hl7.org/fhir/tools/StructureDefinition/ig-parameter"><extension url="code"><valueString value="excludelogbinaryformat"/></extension><extension url="value"><valueString value="true"/></extension></extension><extension url="http://hl7.org/fhir/tools/StructureDefinition/ig-parameter"><extension url="code"><valueString value="tabbed-snapshots"/></extension><extension url="value"><valueString value="true"/></extension></extension><extension url="http://hl7.org/fhir/tools/StructureDefinition/ig-internal-dependency"><valueCode value="hl7.fhir.uv.tools#0.1.0"/></extension><extension url="http://hl7.org/fhir/tools/StructureDefinition/ig-parameter"><extension url="code"><valueCode value="copyrightyear"/></extension><extension url="value"><valueString value="2022+"/></extension></extension><extension url="http://hl7.org/fhir/tools/StructureDefinition/ig-parameter"><extension url="code"><valueCode value="releaselabel"/></extension><extension url="value"><valueString value="ci-build"/></extension></extension><extension url="http://hl7.org/fhir/tools/StructureDefinition/ig-parameter"><extension url="code"><valueCode value="autoload-resources"/></extension><extension url="value"><valueString value="true"/></extension></extension><extension url="http://hl7.org/fhir/tools/StructureDefinition/ig-parameter"><extension url="code"><valueCode value="path-liquid"/></extension><extension url="value"><valueString value="template/liquid"/></extension></extension><extension url="http://hl7.org/fhir/tools/StructureDefinition/ig-parameter"><extension url="code"><valueCode value="path-liquid"/></extension><extension url="value"><valueString value="input/liquid"/></extension></extension><extension url="http://hl7.org/fhir/tools/StructureDefinition/ig-parameter"><extension url="code"><valueCode value="path-qa"/></extension><extension url="value"><valueString value="temp/qa"/></extension></extension><extension url="http://hl7.org/fhir/tools/StructureDefinition/ig-parameter"><extension url="code"><valueCode value="path-temp"/></extension><extension url="value"><valueString value="temp/pages"/></extension></extension><extension url="http://hl7.org/fhir/tools/StructureDefinition/ig-parameter"><extension url="code"><valueCode value="path-output"/></extension><extension url="value"><valueString value="output"/></extension></extension><extension url="http://hl7.org/fhir/tools/StructureDefinition/ig-parameter"><extension url="code"><valueCode value="path-suppressed-warnings"/></extension><extension url="value"><valueString value="input/ignoreWarnings.txt"/></extension></extension><extension url="http://hl7.org/fhir/tools/StructureDefinition/ig-parameter"><extension url="code"><valueCode value="path-history"/></extension><extension url="value"><valueString value="https://voicecollab.ai/fhir/history.html"/></extension></extension><extension url="http://hl7.org/fhir/tools/StructureDefinition/ig-parameter"><extension url="code"><valueCode value="template-html"/></extension><extension url="value"><valueString value="template-page.html"/></extension></extension><extension url="http://hl7.org/fhir/tools/StructureDefinition/ig-parameter"><extension url="code"><valueCode value="template-md"/></extension><extension url="value"><valueString value="template-page-md.html"/></extension></extension><extension url="http://hl7.org/fhir/tools/StructureDefinition/ig-parameter"><extension url="code"><valueCode value="apply-contact"/></extension><extension url="value"><valueString value="true"/></extension></extension><extension url="http://hl7.org/fhir/tools/StructureDefinition/ig-parameter"><extension url="code"><valueCode value="apply-context"/></extension><extension url="value"><valueString value="true"/></extension></extension><extension url="http://hl7.org/fhir/tools/StructureDefinition/ig-parameter"><extension url="code"><valueCode value="apply-copyright"/></extension><extension url="value"><valueString value="true"/></extension></extension><extension url="http://hl7.org/fhir/tools/StructureDefinition/ig-parameter"><extension url="code"><valueCode value="apply-jurisdiction"/></extension><extension url="value"><valueString value="true"/></extension></extension><extension url="http://hl7.org/fhir/tools/StructureDefinition/ig-parameter"><extension url="code"><valueCode value="apply-license"/></extension><extension url="value"><valueString value="true"/></extension></extension><extension url="http://hl7.org/fhir/tools/StructureDefinition/ig-parameter"><extension url="code"><valueCode value="apply-publisher"/></extension><extension url="value"><valueString value="true"/></extension></extension><extension url="http://hl7.org/fhir/tools/StructureDefinition/ig-parameter"><extension url="code"><valueCode value="apply-version"/></extension><extension url="value"><valueString value="true"/></extension></extension><extension url="http://hl7.org/fhir/tools/StructureDefinition/ig-parameter"><extension url="code"><valueCode value="apply-wg"/></extension><extension url="value"><valueString value="true"/></extension></extension><extension url="http://hl7.org/fhir/tools/StructureDefinition/ig-parameter"><extension url="code"><valueCode value="active-tables"/></extension><extension url="value"><valueString value="true"/></extension></extension><extension url="http://hl7.org/fhir/tools/StructureDefinition/ig-parameter"><extension url="code"><valueCode value="fmm-definition"/></extension><extension url="value"><valueString value="http://hl7.org/fhir/versions.html#maturity"/></extension></extension><extension url="http://hl7.org/fhir/tools/StructureDefinition/ig-parameter"><extension url="code"><valueCode value="propagate-status"/></extension><extension url="value"><valueString value="true"/></extension></extension><extension url="http://hl7.org/fhir/tools/StructureDefinition/ig-parameter"><extension url="code"><valueCode value="excludelogbinaryformat"/></extension><extension url="value"><valueString value="true"/></extension></extension><extension url="http://hl7.org/fhir/tools/StructureDefinition/ig-parameter"><extension url="code"><valueCode value="tabbed-snapshots"/></extension><extension url="value"><valueString value="true"/></extension></extension><extension url="http://hl7.org/fhir/tools/StructureDefinition/ig-parameter"><extension url="code"><valueCode value="copyrightyear"/></extension><extension url="value"><valueString value="2022+"/></extension></extension><extension url="http://hl7.org/fhir/tools/StructureDefinition/ig-parameter"><extension url="code"><valueCode value="releaselabel"/></extension><extension url="value"><valueString value="ci-build"/></extension></extension><extension url="http://hl7.org/fhir/tools/StructureDefinition/ig-parameter"><extension url="code"><valueCode value="autoload-resources"/></extension><extension url="value"><valueString value="true"/></extension></extension><extension url="http://hl7.org/fhir/tools/StructureDefinition/ig-parameter"><extension url="code"><valueCode value="path-liquid"/></extension><extension url="value"><valueString value="template/liquid"/></extension></extension><extension url="http://hl7.org/fhir/tools/StructureDefinition/ig-parameter"><extension url="code"><valueCode value="path-liquid"/></extension><extension url="value"><valueString value="input/liquid"/></extension></extension><extension url="http://hl7.org/fhir/tools/StructureDefinition/ig-parameter"><extension url="code"><valueCode value="path-qa"/></extension><extension url="value"><valueString value="temp/qa"/></extension></extension><extension url="http://hl7.org/fhir/tools/StructureDefinition/ig-parameter"><extension url="code"><valueCode value="path-temp"/></extension><extension url="value"><valueString value="temp/pages"/></extension></extension><extension url="http://hl7.org/fhir/tools/StructureDefinition/ig-parameter"><extension url="code"><valueCode value="path-output"/></extension><extension url="value"><valueString value="output"/></extension></extension><extension url="http://hl7.org/fhir/tools/StructureDefinition/ig-parameter"><extension url="code"><valueCode value="path-suppressed-warnings"/></extension><extension url="value"><valueString value="input/ignoreWarnings.txt"/></extension></extension><extension url="http://hl7.org/fhir/tools/StructureDefinition/ig-parameter"><extension url="code"><valueCode value="path-history"/></extension><extension url="value"><valueString value="https://voicecollab.ai/fhir/history.html"/></extension></extension><extension url="http://hl7.org/fhir/tools/StructureDefinition/ig-parameter"><extension url="code"><valueCode value="template-html"/></extension><extension url="value"><valueString value="template-page.html"/></extension></extension><extension url="http://hl7.org/fhir/tools/StructureDefinition/ig-parameter"><extension url="code"><valueCode value="template-md"/></extension><extension url="value"><valueString value="template-page-md.html"/></extension></extension><extension url="http://hl7.org/fhir/tools/StructureDefinition/ig-parameter"><extension url="code"><valueCode value="apply-contact"/></extension><extension url="value"><valueString value="true"/></extension></extension><extension url="http://hl7.org/fhir/tools/StructureDefinition/ig-parameter"><extension url="code"><valueCode value="apply-context"/></extension><extension url="value"><valueString value="true"/></extension></extension><extension url="http://hl7.org/fhir/tools/StructureDefinition/ig-parameter"><extension url="code"><valueCode value="apply-copyright"/></extension><extension url="value"><valueString value="true"/></extension></extension><extension url="http://hl7.org/fhir/tools/StructureDefinition/ig-parameter"><extension url="code"><valueCode value="apply-jurisdiction"/></extension><extension url="value"><valueString value="true"/></extension></extension><extension url="http://hl7.org/fhir/tools/StructureDefinition/ig-parameter"><extension url="code"><valueCode value="apply-license"/></extension><extension url="value"><valueString value="true"/></extension></extension><extension url="http://hl7.org/fhir/tools/StructureDefinition/ig-parameter"><extension url="code"><valueCode value="apply-publisher"/></extension><extension url="value"><valueString value="true"/></extension></extension><extension url="http://hl7.org/fhir/tools/StructureDefinition/ig-parameter"><extension url="code"><valueCode value="apply-version"/></extension><extension url="value"><valueString value="true"/></extension></extension><extension url="http://hl7.org/fhir/tools/StructureDefinition/ig-parameter"><extension url="code"><valueCode value="apply-wg"/></extension><extension url="value"><valueString value="true"/></extension></extension><extension url="http://hl7.org/fhir/tools/StructureDefinition/ig-parameter"><extension url="code"><valueCode value="active-tables"/></extension><extension url="value"><valueString value="true"/></extension></extension><extension url="http://hl7.org/fhir/tools/StructureDefinition/ig-parameter"><extension url="code"><valueCode value="fmm-definition"/></extension><extension url="value"><valueString value="http://hl7.org/fhir/versions.html#maturity"/></extension></extension><extension url="http://hl7.org/fhir/tools/StructureDefinition/ig-parameter"><extension url="code"><valueCode value="propagate-status"/></extension><extension url="value"><valueString value="true"/></extension></extension><extension url="http://hl7.org/fhir/tools/StructureDefinition/ig-parameter"><extension url="code"><valueCode value="excludelogbinaryformat"/></extension><extension url="value"><valueString value="true"/></extension></extension><extension url="http://hl7.org/fhir/tools/StructureDefinition/ig-parameter"><extension url="code"><valueCode value="tabbed-snapshots"/></extension><extension url="value"><valueString value="true"/></extension></extension><grouping id="-ex-example"><name value="Example: Example Instances"/><description value="These are example instances that show what data produced and consumed by systems conforming with this implementation guide might look like."/></grouping><resource><extension url="http://hl7.org/fhir/tools/StructureDefinition/resource-sort"><valueInteger value="999999999"/></extension><extension url="http://hl7.org/fhir/StructureDefinition/implementationguide-page"><valueUri value="Questionnaire-acoustictaskschema.html"/></extension><reference><reference value="Questionnaire/acoustictaskschema"/></reference><name value="acoustictaskschema"/><exampleBoolean value="true"/><groupingId value="-ex-example"/></resource><resource><extension url="http://hl7.org/fhir/tools/StructureDefinition/resource-sort"><valueInteger value="999999999"/></extension><extension url="http://hl7.org/fhir/StructureDefinition/implementationguide-page"><valueUri value="Questionnaire-bridge2aieconsentaddendumbchenglishschema.html"/></extension><reference><reference value="Questionnaire/bridge2aieconsentaddendumbchenglishschema"/></reference><name value="bridge2aieconsentaddendumbchenglishschema"/><exampleBoolean value="true"/><groupingId value="-ex-example"/></resource><resource><extension url="http://hl7.org/fhir/tools/StructureDefinition/resource-sort"><valueInteger value="999999999"/></extension><extension url="http://hl7.org/fhir/StructureDefinition/implementationguide-page"><valueUri value="Questionnaire-bridge2aieconsentaddendummitenglishschema.html"/></extension><reference><reference value="Questionnaire/bridge2aieconsentaddendummitenglishschema"/></reference><name value="bridge2aieconsentaddendummitenglishschema"/><exampleBoolean value="true"/><groupingId value="-ex-example"/></resource><resource><extension url="http://hl7.org/fhir/tools/StructureDefinition/resource-sort"><valueInteger value="999999999"/></extension><extension url="http://hl7.org/fhir/StructureDefinition/implementationguide-page"><valueUri value="Questionnaire-bridge2aieconsentaddendummitresearcherstatemeschema.html"/></extension><reference><reference value="Questionnaire/bridge2aieconsentaddendummitresearcherstatemeschema"/></reference><name value="bridge2aieconsentaddendummitresearcherstatemeschema"/><exampleBoolean value="true"/><groupingId value="-ex-example"/></resource><resource><extension url="http://hl7.org/fhir/tools/StructureDefinition/resource-sort"><valueInteger value="999999999"/></extension><extension url="http://hl7.org/fhir/StructureDefinition/implementationguide-page"><valueUri value="Questionnaire-bridge2aieconsentaddendumwcmenglishschema.html"/></extension><reference><reference value="Questionnaire/bridge2aieconsentaddendumwcmenglishschema"/></reference><name value="bridge2aieconsentaddendumwcmenglishschema"/><exampleBoolean value="true"/><groupingId value="-ex-example"/></resource><resource><extension url="http://hl7.org/fhir/tools/StructureDefinition/resource-sort"><valueInteger value="999999999"/></extension><extension url="http://hl7.org/fhir/StructureDefinition/implementationguide-page"><valueUri value="Questionnaire-bridge2aieconsentaddendumwcmresearcherstatemeschema.html"/></extension><reference><reference value="Questionnaire/bridge2aieconsentaddendumwcmresearcherstatemeschema"/></reference><name value="bridge2aieconsentaddendumwcmresearcherstatemeschema"/><exampleBoolean value="true"/><groupingId value="-ex-example"/></resource><resource><extension url="http://hl7.org/fhir/tools/StructureDefinition/resource-sort"><valueInteger value="999999999"/></extension><extension url="http://hl7.org/fhir/StructureDefinition/implementationguide-page"><valueUri value="Questionnaire-bridge2aieconsentcombinedpdfaddendummitschema.html"/></extension><reference><reference value="Questionnaire/bridge2aieconsentcombinedpdfaddendummitschema"/></reference><name value="bridge2aieconsentcombinedpdfaddendummitschema"/><exampleBoolean value="true"/><groupingId value="-ex-example"/></resource><resource><extension url="http://hl7.org/fhir/tools/StructureDefinition/resource-sort"><valueInteger value="999999999"/></extension><extension url="http://hl7.org/fhir/StructureDefinition/implementationguide-page"><valueUri value="Questionnaire-bridge2aieconsentcombinedpdfaddendumwcmschema.html"/></extension><reference><reference value="Questionnaire/bridge2aieconsentcombinedpdfaddendumwcmschema"/></reference><name value="bridge2aieconsentcombinedpdfaddendumwcmschema"/><exampleBoolean value="true"/><groupingId value="-ex-example"/></resource><resource><extension url="http://hl7.org/fhir/tools/StructureDefinition/resource-sort"><valueInteger value="999999999"/></extension><extension url="http://hl7.org/fhir/StructureDefinition/implementationguide-page"><valueUri value="Questionnaire-bridge2aieconsentcombinedpdfmainicfusfschema.html"/></extension><reference><reference value="Questionnaire/bridge2aieconsentcombinedpdfmainicfusfschema"/></reference><name value="bridge2aieconsentcombinedpdfmainicfusfschema"/><exampleBoolean value="true"/><groupingId value="-ex-example"/></resource><resource><extension url="http://hl7.org/fhir/tools/StructureDefinition/resource-sort"><valueInteger value="999999999"/></extension><extension url="http://hl7.org/fhir/StructureDefinition/implementationguide-page"><valueUri value="Questionnaire-bridge2aieconsentmainicfusfenglishschema.html"/></extension><reference><reference value="Questionnaire/bridge2aieconsentmainicfusfenglishschema"/></reference><name value="bridge2aieconsentmainicfusfenglishschema"/><exampleBoolean value="true"/><groupingId value="-ex-example"/></resource><resource><extension url="http://hl7.org/fhir/tools/StructureDefinition/resource-sort"><valueInteger value="999999999"/></extension><extension url="http://hl7.org/fhir/StructureDefinition/implementationguide-page"><valueUri value="Questionnaire-bridge2aieconsentmainicfusfresearcherstatemeschema.html"/></extension><reference><reference value="Questionnaire/bridge2aieconsentmainicfusfresearcherstatemeschema"/></reference><name value="bridge2aieconsentmainicfusfresearcherstatemeschema"/><exampleBoolean value="true"/><groupingId value="-ex-example"/></resource><resource><extension url="http://hl7.org/fhir/tools/StructureDefinition/resource-sort"><valueInteger value="999999999"/></extension><extension url="http://hl7.org/fhir/StructureDefinition/implementationguide-page"><valueUri value="Questionnaire-bridge2aipaperconsentallsitesenglishschema.html"/></extension><reference><reference value="Questionnaire/bridge2aipaperconsentallsitesenglishschema"/></reference><name value="bridge2aipaperconsentallsitesenglishschema"/><exampleBoolean value="true"/><groupingId value="-ex-example"/></resource><resource><extension url="http://hl7.org/fhir/tools/StructureDefinition/resource-sort"><valueInteger value="999999999"/></extension><extension url="http://hl7.org/fhir/StructureDefinition/implementationguide-page"><valueUri value="Questionnaire-dmoodbipolardisorderschema.html"/></extension><reference><reference value="Questionnaire/dmoodbipolardisorderschema"/></reference><name value="dmoodbipolardisorderschema"/><exampleBoolean value="true"/><groupingId value="-ex-example"/></resource><resource><extension url="http://hl7.org/fhir/tools/StructureDefinition/resource-sort"><valueInteger value="999999999"/></extension><extension url="http://hl7.org/fhir/StructureDefinition/implementationguide-page"><valueUri value="Questionnaire-dmooddepressionormajordepressivedisorderschema.html"/></extension><reference><reference value="Questionnaire/dmooddepressionormajordepressivedisorderschema"/></reference><name value="dmooddepressionormajordepressivedisorderschema"/><exampleBoolean value="true"/><groupingId value="-ex-example"/></resource><resource><extension url="http://hl7.org/fhir/tools/StructureDefinition/resource-sort"><valueInteger value="999999999"/></extension><extension url="http://hl7.org/fhir/StructureDefinition/implementationguide-page"><valueUri value="Questionnaire-dneuroalzheimersdiseasemildcognitiveimpairmeschema.html"/></extension><reference><reference value="Questionnaire/dneuroalzheimersdiseasemildcognitiveimpairmeschema"/></reference><name value="dneuroalzheimersdiseasemildcognitiveimpairmeschema"/><exampleBoolean value="true"/><groupingId value="-ex-example"/></resource><resource><extension url="http://hl7.org/fhir/tools/StructureDefinition/resource-sort"><valueInteger value="999999999"/></extension><extension url="http://hl7.org/fhir/StructureDefinition/implementationguide-page"><valueUri value="Questionnaire-dneuroamyotrophiclateralsclerosisalsschema.html"/></extension><reference><reference value="Questionnaire/dneuroamyotrophiclateralsclerosisalsschema"/></reference><name value="dneuroamyotrophiclateralsclerosisalsschema"/><exampleBoolean value="true"/><groupingId value="-ex-example"/></resource><resource><extension url="http://hl7.org/fhir/tools/StructureDefinition/resource-sort"><valueInteger value="999999999"/></extension><extension url="http://hl7.org/fhir/StructureDefinition/implementationguide-page"><valueUri value="Questionnaire-dneuroparkinsonsdiseaseschema.html"/></extension><reference><reference value="Questionnaire/dneuroparkinsonsdiseaseschema"/></reference><name value="dneuroparkinsonsdiseaseschema"/><exampleBoolean value="true"/><groupingId value="-ex-example"/></resource><resource><extension url="http://hl7.org/fhir/tools/StructureDefinition/resource-sort"><valueInteger value="999999999"/></extension><extension url="http://hl7.org/fhir/StructureDefinition/implementationguide-page"><valueUri value="Questionnaire-dpedshealthydevelopmentallytypicalchildrenschema.html"/></extension><reference><reference value="Questionnaire/dpedshealthydevelopmentallytypicalchildrenschema"/></reference><name value="dpedshealthydevelopmentallytypicalchildrenschema"/><exampleBoolean value="true"/><groupingId value="-ex-example"/></resource><resource><extension url="http://hl7.org/fhir/tools/StructureDefinition/resource-sort"><valueInteger value="999999999"/></extension><extension url="http://hl7.org/fhir/StructureDefinition/implementationguide-page"><valueUri value="Questionnaire-drespairwaystenosisschema.html"/></extension><reference><reference value="Questionnaire/drespairwaystenosisschema"/></reference><name value="drespairwaystenosisschema"/><exampleBoolean value="true"/><groupingId value="-ex-example"/></resource><resource><extension url="http://hl7.org/fhir/tools/StructureDefinition/resource-sort"><valueInteger value="999999999"/></extension><extension url="http://hl7.org/fhir/StructureDefinition/implementationguide-page"><valueUri value="Questionnaire-dvoicevocalfoldparalysisschema.html"/></extension><reference><reference value="Questionnaire/dvoicevocalfoldparalysisschema"/></reference><name value="dvoicevocalfoldparalysisschema"/><exampleBoolean value="true"/><groupingId value="-ex-example"/></resource><resource><extension url="http://hl7.org/fhir/tools/StructureDefinition/resource-sort"><valueInteger value="999999999"/></extension><extension url="http://hl7.org/fhir/StructureDefinition/implementationguide-page"><valueUri value="Questionnaire-enrollmentformschema.html"/></extension><reference><reference value="Questionnaire/enrollmentformschema"/></reference><name value="enrollmentformschema"/><exampleBoolean value="true"/><groupingId value="-ex-example"/></resource><resource><extension url="http://hl7.org/fhir/tools/StructureDefinition/resource-sort"><valueInteger value="999999999"/></extension><extension url="http://hl7.org/fhir/StructureDefinition/implementationguide-page"><valueUri value="Questionnaire-qgenericconfoundersschema.html"/></extension><reference><reference value="Questionnaire/qgenericconfoundersschema"/></reference><name value="qgenericconfoundersschema"/><exampleBoolean value="true"/><groupingId value="-ex-example"/></resource><resource><extension url="http://hl7.org/fhir/tools/StructureDefinition/resource-sort"><valueInteger value="999999999"/></extension><extension url="http://hl7.org/fhir/StructureDefinition/implementationguide-page"><valueUri value="Questionnaire-qgenericdemographicsschema.html"/></extension><reference><reference value="Questionnaire/qgenericdemographicsschema"/></reference><name value="qgenericdemographicsschema"/><exampleBoolean value="true"/><groupingId value="-ex-example"/></resource><resource><extension url="http://hl7.org/fhir/tools/StructureDefinition/resource-sort"><valueInteger value="999999999"/></extension><extension url="http://hl7.org/fhir/StructureDefinition/implementationguide-page"><valueUri value="Questionnaire-qgenericgad7anxietyschema.html"/></extension><reference><reference value="Questionnaire/qgenericgad7anxietyschema"/></reference><name value="qgenericgad7anxietyschema"/><exampleBoolean value="true"/><groupingId value="-ex-example"/></resource><resource><extension url="http://hl7.org/fhir/tools/StructureDefinition/resource-sort"><valueInteger value="999999999"/></extension><extension url="http://hl7.org/fhir/StructureDefinition/implementationguide-page"><valueUri value="Questionnaire-qgenericpatienthealthquestionnaire9schema.html"/></extension><reference><reference value="Questionnaire/qgenericpatienthealthquestionnaire9schema"/></reference><name value="qgenericpatienthealthquestionnaire9schema"/><exampleBoolean value="true"/><groupingId value="-ex-example"/></resource><resource><extension url="http://hl7.org/fhir/tools/StructureDefinition/resource-sort"><valueInteger value="999999999"/></extension><extension url="http://hl7.org/fhir/StructureDefinition/implementationguide-page"><valueUri value="Questionnaire-qgenericvoicehandicapindexvhi10schema.html"/></extension><reference><reference value="Questionnaire/qgenericvoicehandicapindexvhi10schema"/></reference><name value="qgenericvoicehandicapindexvhi10schema"/><exampleBoolean value="true"/><groupingId value="-ex-example"/></resource><resource><extension url="http://hl7.org/fhir/tools/StructureDefinition/resource-sort"><valueInteger value="999999999"/></extension><extension url="http://hl7.org/fhir/StructureDefinition/implementationguide-page"><valueUri value="Questionnaire-qgenericvoiceperceptionschema.html"/></extension><reference><reference value="Questionnaire/qgenericvoiceperceptionschema"/></reference><name value="qgenericvoiceperceptionschema"/><exampleBoolean value="true"/><groupingId value="-ex-example"/></resource><resource><extension url="http://hl7.org/fhir/tools/StructureDefinition/resource-sort"><valueInteger value="999999999"/></extension><extension url="http://hl7.org/fhir/StructureDefinition/implementationguide-page"><valueUri value="Questionnaire-qmoodadhdadultschema.html"/></extension><reference><reference value="Questionnaire/qmoodadhdadultschema"/></reference><name value="qmoodadhdadultschema"/><exampleBoolean value="true"/><groupingId value="-ex-example"/></resource><resource><extension url="http://hl7.org/fhir/tools/StructureDefinition/resource-sort"><valueInteger value="999999999"/></extension><extension url="http://hl7.org/fhir/StructureDefinition/implementationguide-page"><valueUri value="Questionnaire-qmoodcustomaffectscaleschema.html"/></extension><reference><reference value="Questionnaire/qmoodcustomaffectscaleschema"/></reference><name value="qmoodcustomaffectscaleschema"/><exampleBoolean value="true"/><groupingId value="-ex-example"/></resource><resource><extension url="http://hl7.org/fhir/tools/StructureDefinition/resource-sort"><valueInteger value="999999999"/></extension><extension url="http://hl7.org/fhir/StructureDefinition/implementationguide-page"><valueUri value="Questionnaire-qmooddsm5adultschema.html"/></extension><reference><reference value="Questionnaire/qmooddsm5adultschema"/></reference><name value="qmooddsm5adultschema"/><exampleBoolean value="true"/><groupingId value="-ex-example"/></resource><resource><extension url="http://hl7.org/fhir/tools/StructureDefinition/resource-sort"><valueInteger value="999999999"/></extension><extension url="http://hl7.org/fhir/StructureDefinition/implementationguide-page"><valueUri value="Questionnaire-qmoodpanasschema.html"/></extension><reference><reference value="Questionnaire/qmoodpanasschema"/></reference><name value="qmoodpanasschema"/><exampleBoolean value="true"/><groupingId value="-ex-example"/></resource><resource><extension url="http://hl7.org/fhir/tools/StructureDefinition/resource-sort"><valueInteger value="999999999"/></extension><extension url="http://hl7.org/fhir/StructureDefinition/implementationguide-page"><valueUri value="Questionnaire-qmoodptsdadultschema.html"/></extension><reference><reference value="Questionnaire/qmoodptsdadultschema"/></reference><name value="qmoodptsdadultschema"/><exampleBoolean value="true"/><groupingId value="-ex-example"/></resource><resource><extension url="http://hl7.org/fhir/tools/StructureDefinition/resource-sort"><valueInteger value="999999999"/></extension><extension url="http://hl7.org/fhir/StructureDefinition/implementationguide-page"><valueUri value="Questionnaire-qneuroproductivevocabularyschema.html"/></extension><reference><reference value="Questionnaire/qneuroproductivevocabularyschema"/></reference><name value="qneuroproductivevocabularyschema"/><exampleBoolean value="true"/><groupingId value="-ex-example"/></resource><resource><extension url="http://hl7.org/fhir/tools/StructureDefinition/resource-sort"><valueInteger value="999999999"/></extension><extension url="http://hl7.org/fhir/StructureDefinition/implementationguide-page"><valueUri value="Questionnaire-qneurorandomitemgenerationschema.html"/></extension><reference><reference value="Questionnaire/qneurorandomitemgenerationschema"/></reference><name value="qneurorandomitemgenerationschema"/><exampleBoolean value="true"/><groupingId value="-ex-example"/></resource><resource><extension url="http://hl7.org/fhir/tools/StructureDefinition/resource-sort"><valueInteger value="999999999"/></extension><extension url="http://hl7.org/fhir/StructureDefinition/implementationguide-page"><valueUri value="Questionnaire-qneurowinogradschemasschema.html"/></extension><reference><reference value="Questionnaire/qneurowinogradschemasschema"/></reference><name value="qneurowinogradschemasschema"/><exampleBoolean value="true"/><groupingId value="-ex-example"/></resource><resource><extension url="http://hl7.org/fhir/tools/StructureDefinition/resource-sort"><valueInteger value="999999999"/></extension><extension url="http://hl7.org/fhir/StructureDefinition/implementationguide-page"><valueUri value="Questionnaire-qneurowordcolorstroopschema.html"/></extension><reference><reference value="Questionnaire/qneurowordcolorstroopschema"/></reference><name value="qneurowordcolorstroopschema"/><exampleBoolean value="true"/><groupingId value="-ex-example"/></resource><resource><extension url="http://hl7.org/fhir/tools/StructureDefinition/resource-sort"><valueInteger value="999999999"/></extension><extension url="http://hl7.org/fhir/StructureDefinition/implementationguide-page"><valueUri value="Questionnaire-qrespdyspneaindexdischema.html"/></extension><reference><reference value="Questionnaire/qrespdyspneaindexdischema"/></reference><name value="qrespdyspneaindexdischema"/><exampleBoolean value="true"/><groupingId value="-ex-example"/></resource><resource><extension url="http://hl7.org/fhir/tools/StructureDefinition/resource-sort"><valueInteger value="999999999"/></extension><extension url="http://hl7.org/fhir/StructureDefinition/implementationguide-page"><valueUri value="Questionnaire-qrespleicestercoughquestionnairelcqschema.html"/></extension><reference><reference value="Questionnaire/qrespleicestercoughquestionnairelcqschema"/></reference><name value="qrespleicestercoughquestionnairelcqschema"/><exampleBoolean value="true"/><groupingId value="-ex-example"/></resource><resource><extension url="http://hl7.org/fhir/tools/StructureDefinition/resource-sort"><valueInteger value="999999999"/></extension><extension url="http://hl7.org/fhir/StructureDefinition/implementationguide-page"><valueUri value="Questionnaire-qvoicevoiceproblemseverityschema.html"/></extension><reference><reference value="Questionnaire/qvoicevoiceproblemseverityschema"/></reference><name value="qvoicevoiceproblemseverityschema"/><exampleBoolean value="true"/><groupingId value="-ex-example"/></resource><resource><extension url="http://hl7.org/fhir/tools/StructureDefinition/resource-sort"><valueInteger value="999999999"/></extension><extension url="http://hl7.org/fhir/StructureDefinition/implementationguide-page"><valueUri value="Questionnaire-recordingschema.html"/></extension><reference><reference value="Questionnaire/recordingschema"/></reference><name value="recordingschema"/><exampleBoolean value="true"/><groupingId value="-ex-example"/></resource><resource><extension url="http://hl7.org/fhir/tools/StructureDefinition/resource-sort"><valueInteger value="999999999"/></extension><extension url="http://hl7.org/fhir/StructureDefinition/implementationguide-page"><valueUri value="Questionnaire-sessionschema.html"/></extension><reference><reference value="Questionnaire/sessionschema"/></reference><name value="sessionschema"/><exampleBoolean value="true"/><groupingId value="-ex-example"/></resource><resource><extension url="http://hl7.org/fhir/tools/StructureDefinition/resource-sort"><valueInteger value="999999999"/></extension><extension url="http://hl7.org/fhir/StructureDefinition/implementationguide-page"><valueUri value="Questionnaire-subjectparticipantbasicinformationschema.html"/></extension><reference><reference value="Questionnaire/subjectparticipantbasicinformationschema"/></reference><name value="subjectparticipantbasicinformationschema"/><exampleBoolean value="true"/><groupingId value="-ex-example"/></resource><resource><extension url="http://hl7.org/fhir/tools/StructureDefinition/resource-sort"><valueInteger value="999999999"/></extension><extension url="http://hl7.org/fhir/StructureDefinition/implementationguide-page"><valueUri value="Questionnaire-subjectparticipantcontactinformationschema.html"/></extension><reference><reference value="Questionnaire/subjectparticipantcontactinformationschema"/></reference><name value="subjectparticipantcontactinformationschema"/><exampleBoolean value="true"/><groupingId value="-ex-example"/></resource><resource><extension url="http://hl7.org/fhir/tools/StructureDefinition/resource-sort"><valueInteger value="999999999"/></extension><extension url="http://hl7.org/fhir/StructureDefinition/implementationguide-page"><valueUri value="Questionnaire-subjectparticipanteligiblestudiesschema.html"/></extension><reference><reference value="Questionnaire/subjectparticipanteligiblestudiesschema"/></reference><name value="subjectparticipanteligiblestudiesschema"/><exampleBoolean value="true"/><groupingId value="-ex-example"/></resource><page><extension url="http://hl7.org/fhir/tools/StructureDefinition/ig-page-name"><valueUrl value="toc.html"/></extension><nameUrl value="toc.html"/><title value="Table of Contents"/><generation value="html"/><page><extension url="http://hl7.org/fhir/tools/StructureDefinition/ig-page-name"><valueUrl value="index.html"/></extension><nameUrl value="index.html"/><title value="Home"/><generation value="markdown"/></page><page><extension url="http://hl7.org/fhir/tools/StructureDefinition/ig-page-name"><valueUrl value="brief_fhir_intro.html"/></extension><nameUrl value="brief_fhir_intro.html"/><title value="Brief Fhir Intro"/><generation value="markdown"/></page><page><extension url="http://hl7.org/fhir/tools/StructureDefinition/ig-page-name"><valueUrl value="changelog.html"/></extension><nameUrl value="changelog.html"/><title value="Changelog"/><generation value="markdown"/></page><page><extension url="http://hl7.org/fhir/tools/StructureDefinition/ig-page-name"><valueUrl value="guidance.html"/></extension><nameUrl value="guidance.html"/><title value="Guidance"/><generation value="markdown"/></page><page><extension url="http://hl7.org/fhir/tools/StructureDefinition/ig-page-name"><valueUrl value="protocol.html"/></extension><nameUrl value="protocol.html"/><title value="Protocol"/><generation value="markdown"/></page><page><extension url="http://hl7.org/fhir/tools/StructureDefinition/ig-page-name"><valueUrl value="tutorial_mood.html"/></extension><nameUrl value="tutorial_mood.html"/><title value="Tutorial Mood"/><generation value="markdown"/></page><page><extension url="http://hl7.org/fhir/tools/StructureDefinition/ig-page-name"><valueUrl value="tutorial_neuro.html"/></extension><nameUrl value="tutorial_neuro.html"/><title value="Tutorial Neuro"/><generation value="markdown"/></page><page><extension url="http://hl7.org/fhir/tools/StructureDefinition/ig-page-name"><valueUrl value="tutorial_peds.html"/></extension><nameUrl value="tutorial_peds.html"/><title value="Tutorial Peds"/><generation value="markdown"/></page><page><extension url="http://hl7.org/fhir/tools/StructureDefinition/ig-page-name"><valueUrl value="tutorial_respiratory.html"/></extension><nameUrl value="tutorial_respiratory.html"/><title value="Tutorial Respiratory"/><generation value="markdown"/></page><page><extension url="http://hl7.org/fhir/tools/StructureDefinition/ig-page-name"><valueUrl value="tutorial_table_of_contents.html"/></extension><nameUrl value="tutorial_table_of_contents.html"/><title value="Tutorial Table of Contents"/><generation value="markdown"/></page><page><extension url="http://hl7.org/fhir/tools/StructureDefinition/ig-page-name"><valueUrl value="tutorial_voice.html"/></extension><nameUrl value="tutorial_voice.html"/><title value="Tutorial Voice"/><generation value="markdown"/></page><page><extension url="http://hl7.org/fhir/tools/StructureDefinition/ig-page-name"><valueUrl value="artifacts.html"/></extension><nameUrl value="artifacts.html"/><title value="Artifacts Summary"/><generation value="html"/><page><extension url="http://hl7.org/fhir/tools/StructureDefinition/ig-page-name"><valueUrl value="Questionnaire-acoustictaskschema.html"/></extension><nameUrl value="Questionnaire-acoustictaskschema.html"/><title value="acoustictaskschema"/><generation value="generated"/></page><page><extension url="http://hl7.org/fhir/tools/StructureDefinition/ig-page-name"><valueUrl value="Questionnaire-bridge2aieconsentaddendumbchenglishschema.html"/></extension><nameUrl value="Questionnaire-bridge2aieconsentaddendumbchenglishschema.html"/><title value="bridge2aieconsentaddendumbchenglishschema"/><generation value="generated"/></page><page><extension url="http://hl7.org/fhir/tools/StructureDefinition/ig-page-name"><valueUrl value="Questionnaire-bridge2aieconsentaddendummitenglishschema.html"/></extension><nameUrl value="Questionnaire-bridge2aieconsentaddendummitenglishschema.html"/><title value="bridge2aieconsentaddendummitenglishschema"/><generation value="generated"/></page><page><extension url="http://hl7.org/fhir/tools/StructureDefinition/ig-page-name"><valueUrl value="Questionnaire-bridge2aieconsentaddendummitresearcherstatemeschema.html"/></extension><nameUrl value="Questionnaire-bridge2aieconsentaddendummitresearcherstatemeschema.html"/><title value="bridge2aieconsentaddendummitresearcherstatemeschema"/><generation value="generated"/></page><page><extension url="http://hl7.org/fhir/tools/StructureDefinition/ig-page-name"><valueUrl value="Questionnaire-bridge2aieconsentaddendumwcmenglishschema.html"/></extension><nameUrl value="Questionnaire-bridge2aieconsentaddendumwcmenglishschema.html"/><title value="bridge2aieconsentaddendumwcmenglishschema"/><generation value="generated"/></page><page><extension url="http://hl7.org/fhir/tools/StructureDefinition/ig-page-name"><valueUrl value="Questionnaire-bridge2aieconsentaddendumwcmresearcherstatemeschema.html"/></extension><nameUrl value="Questionnaire-bridge2aieconsentaddendumwcmresearcherstatemeschema.html"/><title value="bridge2aieconsentaddendumwcmresearcherstatemeschema"/><generation value="generated"/></page><page><extension url="http://hl7.org/fhir/tools/StructureDefinition/ig-page-name"><valueUrl value="Questionnaire-bridge2aieconsentcombinedpdfaddendummitschema.html"/></extension><nameUrl value="Questionnaire-bridge2aieconsentcombinedpdfaddendummitschema.html"/><title value="bridge2aieconsentcombinedpdfaddendummitschema"/><generation value="generated"/></page><page><extension url="http://hl7.org/fhir/tools/StructureDefinition/ig-page-name"><valueUrl value="Questionnaire-bridge2aieconsentcombinedpdfaddendumwcmschema.html"/></extension><nameUrl value="Questionnaire-bridge2aieconsentcombinedpdfaddendumwcmschema.html"/><title value="bridge2aieconsentcombinedpdfaddendumwcmschema"/><generation value="generated"/></page><page><extension url="http://hl7.org/fhir/tools/StructureDefinition/ig-page-name"><valueUrl value="Questionnaire-bridge2aieconsentcombinedpdfmainicfusfschema.html"/></extension><nameUrl value="Questionnaire-bridge2aieconsentcombinedpdfmainicfusfschema.html"/><title value="bridge2aieconsentcombinedpdfmainicfusfschema"/><generation value="generated"/></page><page><extension url="http://hl7.org/fhir/tools/StructureDefinition/ig-page-name"><valueUrl value="Questionnaire-bridge2aieconsentmainicfusfenglishschema.html"/></extension><nameUrl value="Questionnaire-bridge2aieconsentmainicfusfenglishschema.html"/><title value="bridge2aieconsentmainicfusfenglishschema"/><generation value="generated"/></page><page><extension url="http://hl7.org/fhir/tools/StructureDefinition/ig-page-name"><valueUrl value="Questionnaire-bridge2aieconsentmainicfusfresearcherstatemeschema.html"/></extension><nameUrl value="Questionnaire-bridge2aieconsentmainicfusfresearcherstatemeschema.html"/><title value="bridge2aieconsentmainicfusfresearcherstatemeschema"/><generation value="generated"/></page><page><extension url="http://hl7.org/fhir/tools/StructureDefinition/ig-page-name"><valueUrl value="Questionnaire-bridge2aipaperconsentallsitesenglishschema.html"/></extension><nameUrl value="Questionnaire-bridge2aipaperconsentallsitesenglishschema.html"/><title value="bridge2aipaperconsentallsitesenglishschema"/><generation value="generated"/></page><page><extension url="http://hl7.org/fhir/tools/StructureDefinition/ig-page-name"><valueUrl value="Questionnaire-dmoodbipolardisorderschema.html"/></extension><nameUrl value="Questionnaire-dmoodbipolardisorderschema.html"/><title value="dmoodbipolardisorderschema"/><generation value="generated"/></page><page><extension url="http://hl7.org/fhir/tools/StructureDefinition/ig-page-name"><valueUrl value="Questionnaire-dmooddepressionormajordepressivedisorderschema.html"/></extension><nameUrl value="Questionnaire-dmooddepressionormajordepressivedisorderschema.html"/><title value="dmooddepressionormajordepressivedisorderschema"/><generation value="generated"/></page><page><extension url="http://hl7.org/fhir/tools/StructureDefinition/ig-page-name"><valueUrl value="Questionnaire-dneuroalzheimersdiseasemildcognitiveimpairmeschema.html"/></extension><nameUrl value="Questionnaire-dneuroalzheimersdiseasemildcognitiveimpairmeschema.html"/><title value="dneuroalzheimersdiseasemildcognitiveimpairmeschema"/><generation value="generated"/></page><page><extension url="http://hl7.org/fhir/tools/StructureDefinition/ig-page-name"><valueUrl value="Questionnaire-dneuroamyotrophiclateralsclerosisalsschema.html"/></extension><nameUrl value="Questionnaire-dneuroamyotrophiclateralsclerosisalsschema.html"/><title value="dneuroamyotrophiclateralsclerosisalsschema"/><generation value="generated"/></page><page><extension url="http://hl7.org/fhir/tools/StructureDefinition/ig-page-name"><valueUrl value="Questionnaire-dneuroparkinsonsdiseaseschema.html"/></extension><nameUrl value="Questionnaire-dneuroparkinsonsdiseaseschema.html"/><title value="dneuroparkinsonsdiseaseschema"/><generation value="generated"/></page><page><extension url="http://hl7.org/fhir/tools/StructureDefinition/ig-page-name"><valueUrl value="Questionnaire-dpedshealthydevelopmentallytypicalchildrenschema.html"/></extension><nameUrl value="Questionnaire-dpedshealthydevelopmentallytypicalchildrenschema.html"/><title value="dpedshealthydevelopmentallytypicalchildrenschema"/><generation value="generated"/></page><page><extension url="http://hl7.org/fhir/tools/StructureDefinition/ig-page-name"><valueUrl value="Questionnaire-drespairwaystenosisschema.html"/></extension><nameUrl value="Questionnaire-drespairwaystenosisschema.html"/><title value="drespairwaystenosisschema"/><generation value="generated"/></page><page><extension url="http://hl7.org/fhir/tools/StructureDefinition/ig-page-name"><valueUrl value="Questionnaire-dvoicevocalfoldparalysisschema.html"/></extension><nameUrl value="Questionnaire-dvoicevocalfoldparalysisschema.html"/><title value="dvoicevocalfoldparalysisschema"/><generation value="generated"/></page><page><extension url="http://hl7.org/fhir/tools/StructureDefinition/ig-page-name"><valueUrl value="Questionnaire-enrollmentformschema.html"/></extension><nameUrl value="Questionnaire-enrollmentformschema.html"/><title value="enrollmentformschema"/><generation value="generated"/></page><page><extension url="http://hl7.org/fhir/tools/StructureDefinition/ig-page-name"><valueUrl value="Questionnaire-qgenericconfoundersschema.html"/></extension><nameUrl value="Questionnaire-qgenericconfoundersschema.html"/><title value="qgenericconfoundersschema"/><generation value="generated"/></page><page><extension url="http://hl7.org/fhir/tools/StructureDefinition/ig-page-name"><valueUrl value="Questionnaire-qgenericdemographicsschema.html"/></extension><nameUrl value="Questionnaire-qgenericdemographicsschema.html"/><title value="qgenericdemographicsschema"/><generation value="generated"/></page><page><extension url="http://hl7.org/fhir/tools/StructureDefinition/ig-page-name"><valueUrl value="Questionnaire-qgenericgad7anxietyschema.html"/></extension><nameUrl value="Questionnaire-qgenericgad7anxietyschema.html"/><title value="qgenericgad7anxietyschema"/><generation value="generated"/></page><page><extension url="http://hl7.org/fhir/tools/StructureDefinition/ig-page-name"><valueUrl value="Questionnaire-qgenericpatienthealthquestionnaire9schema.html"/></extension><nameUrl value="Questionnaire-qgenericpatienthealthquestionnaire9schema.html"/><title value="qgenericpatienthealthquestionnaire9schema"/><generation value="generated"/></page><page><extension url="http://hl7.org/fhir/tools/StructureDefinition/ig-page-name"><valueUrl value="Questionnaire-qgenericvoicehandicapindexvhi10schema.html"/></extension><nameUrl value="Questionnaire-qgenericvoicehandicapindexvhi10schema.html"/><title value="qgenericvoicehandicapindexvhi10schema"/><generation value="generated"/></page><page><extension url="http://hl7.org/fhir/tools/StructureDefinition/ig-page-name"><valueUrl value="Questionnaire-qgenericvoiceperceptionschema.html"/></extension><nameUrl value="Questionnaire-qgenericvoiceperceptionschema.html"/><title value="qgenericvoiceperceptionschema"/><generation value="generated"/></page><page><extension url="http://hl7.org/fhir/tools/StructureDefinition/ig-page-name"><valueUrl value="Questionnaire-qmoodadhdadultschema.html"/></extension><nameUrl value="Questionnaire-qmoodadhdadultschema.html"/><title value="qmoodadhdadultschema"/><generation value="generated"/></page><page><extension url="http://hl7.org/fhir/tools/StructureDefinition/ig-page-name"><valueUrl value="Questionnaire-qmoodcustomaffectscaleschema.html"/></extension><nameUrl value="Questionnaire-qmoodcustomaffectscaleschema.html"/><title value="qmoodcustomaffectscaleschema"/><generation value="generated"/></page><page><extension url="http://hl7.org/fhir/tools/StructureDefinition/ig-page-name"><valueUrl value="Questionnaire-qmooddsm5adultschema.html"/></extension><nameUrl value="Questionnaire-qmooddsm5adultschema.html"/><title value="qmooddsm5adultschema"/><generation value="generated"/></page><page><extension url="http://hl7.org/fhir/tools/StructureDefinition/ig-page-name"><valueUrl value="Questionnaire-qmoodpanasschema.html"/></extension><nameUrl value="Questionnaire-qmoodpanasschema.html"/><title value="qmoodpanasschema"/><generation value="generated"/></page><page><extension url="http://hl7.org/fhir/tools/StructureDefinition/ig-page-name"><valueUrl value="Questionnaire-qmoodptsdadultschema.html"/></extension><nameUrl value="Questionnaire-qmoodptsdadultschema.html"/><title value="qmoodptsdadultschema"/><generation value="generated"/></page><page><extension url="http://hl7.org/fhir/tools/StructureDefinition/ig-page-name"><valueUrl value="Questionnaire-qneuroproductivevocabularyschema.html"/></extension><nameUrl value="Questionnaire-qneuroproductivevocabularyschema.html"/><title value="qneuroproductivevocabularyschema"/><generation value="generated"/></page><page><extension url="http://hl7.org/fhir/tools/StructureDefinition/ig-page-name"><valueUrl value="Questionnaire-qneurorandomitemgenerationschema.html"/></extension><nameUrl value="Questionnaire-qneurorandomitemgenerationschema.html"/><title value="qneurorandomitemgenerationschema"/><generation value="generated"/></page><page><extension url="http://hl7.org/fhir/tools/StructureDefinition/ig-page-name"><valueUrl value="Questionnaire-qneurowinogradschemasschema.html"/></extension><nameUrl value="Questionnaire-qneurowinogradschemasschema.html"/><title value="qneurowinogradschemasschema"/><generation value="generated"/></page><page><extension url="http://hl7.org/fhir/tools/StructureDefinition/ig-page-name"><valueUrl value="Questionnaire-qneurowordcolorstroopschema.html"/></extension><nameUrl value="Questionnaire-qneurowordcolorstroopschema.html"/><title value="qneurowordcolorstroopschema"/><generation value="generated"/></page><page><extension url="http://hl7.org/fhir/tools/StructureDefinition/ig-page-name"><valueUrl value="Questionnaire-qrespdyspneaindexdischema.html"/></extension><nameUrl value="Questionnaire-qrespdyspneaindexdischema.html"/><title value="qrespdyspneaindexdischema"/><generation value="generated"/></page><page><extension url="http://hl7.org/fhir/tools/StructureDefinition/ig-page-name"><valueUrl value="Questionnaire-qrespleicestercoughquestionnairelcqschema.html"/></extension><nameUrl value="Questionnaire-qrespleicestercoughquestionnairelcqschema.html"/><title value="qrespleicestercoughquestionnairelcqschema"/><generation value="generated"/></page><page><extension url="http://hl7.org/fhir/tools/StructureDefinition/ig-page-name"><valueUrl value="Questionnaire-qvoicevoiceproblemseverityschema.html"/></extension><nameUrl value="Questionnaire-qvoicevoiceproblemseverityschema.html"/><title value="qvoicevoiceproblemseverityschema"/><generation value="generated"/></page><page><extension url="http://hl7.org/fhir/tools/StructureDefinition/ig-page-name"><valueUrl value="Questionnaire-recordingschema.html"/></extension><nameUrl value="Questionnaire-recordingschema.html"/><title value="recordingschema"/><generation value="generated"/></page><page><extension url="http://hl7.org/fhir/tools/StructureDefinition/ig-page-name"><valueUrl value="Questionnaire-sessionschema.html"/></extension><nameUrl value="Questionnaire-sessionschema.html"/><title value="sessionschema"/><generation value="generated"/></page><page><extension url="http://hl7.org/fhir/tools/StructureDefinition/ig-page-name"><valueUrl value="Questionnaire-subjectparticipantbasicinformationschema.html"/></extension><nameUrl value="Questionnaire-subjectparticipantbasicinformationschema.html"/><title value="subjectparticipantbasicinformationschema"/><generation value="generated"/></page><page><extension url="http://hl7.org/fhir/tools/StructureDefinition/ig-page-name"><valueUrl value="Questionnaire-subjectparticipantcontactinformationschema.html"/></extension><nameUrl value="Questionnaire-subjectparticipantcontactinformationschema.html"/><title value="subjectparticipantcontactinformationschema"/><generation value="generated"/></page><page><extension url="http://hl7.org/fhir/tools/StructureDefinition/ig-page-name"><valueUrl value="Questionnaire-subjectparticipanteligiblestudiesschema.html"/></extension><nameUrl value="Questionnaire-subjectparticipanteligiblestudiesschema.html"/><title value="subjectparticipanteligiblestudiesschema"/><generation value="generated"/></page></page></page><parameter><code value="path-resource"/><value value="input/capabilities"/></parameter><parameter><code value="path-resource"/><value value="input/examples"/></parameter><parameter><code value="path-resource"/><value value="input/extensions"/></parameter><parameter><code value="path-resource"/><value value="input/models"/></parameter><parameter><code value="path-resource"/><value value="input/operations"/></parameter><parameter><code value="path-resource"/><value value="input/profiles"/></parameter><parameter><code value="path-resource"/><value value="input/resources"/></parameter><parameter><code value="path-resource"/><value value="input/vocabulary"/></parameter><parameter><code value="path-resource"/><value value="input/maps"/></parameter><parameter><code value="path-resource"/><value value="input/testing"/></parameter><parameter><code value="path-resource"/><value value="input/history"/></parameter><parameter><code value="path-resource"/><value value="fsh-generated/resources"/></parameter><parameter><code value="path-pages"/><value value="template/config"/></parameter><parameter><code value="path-pages"/><value value="input/images"/></parameter><parameter><code value="path-tx-cache"/><value value="input-cache/txcache"/></parameter></definition></ImplementationGuide>